q,38043139.94100001,3,0.0.1,43038,0,https://github.com/hooobs/q
Q,0,1,0.0.1,26922,0,http://rubygems.org/gems/q
q2_server_query,262395.149,2,0.9.7,4261,2,https://github.com/elfenars/q2_server_query
q3,537.984,2,0.0.1,6585,6,http://github.com/tily/q3
q3_servers,3846687.682,3,1.0.2,5605,0,https://github.com/jpgarritano/q3_servers
q4m,101078.14985714285,8,0.0.8,30419,2,http://github.com/ktlacaelel/q4m
qa,5494184.9350000005,59,5.11.0,316480,54,https://github.com/projecthydra/questioning_authority
qaa_fixtures,0,1,1.0.1,2563,0,https://rubygems.org/
qaa_helpers,0,1,6.0.1,2415,0,https://rubygems.org/
qa_at_migration,23944.682500000003,5,1.3.0,9446,0,https://github.com/dennisbot/qa_at_migration/
qable,0,1,0.1.0,2700,0,https://github.com/ableco/qable
qablog,0,1,0.1.0,2020,0,http://www.qalens.com
qabot,259778.6005,3,1.1.3,3227,0,https://rubygems.org/gems/pampa_deployer
qacloud,121962.7185,11,0.1.7,27326,0,http://qacloud.io
qa-ctx-backend-helper,3136232.5366666666,4,0.0.3,9807,0,
qa_cube,2403947.514,8,0.1.0.0,14923,0,https://github.com/btalpers/qa_cube
qaddy-client,2764091.004666667,7,0.0.11,21879,0,https://lacomparto.com
QaDeS-lax,0,1,0.0.1,3866,3,http://github.com/QaDeS/lax
QaDeS-qades-sequel,0,1,2.11.0,3846,0,http://sequel.rubyforge.org
qadmin,0.3333333333333333,4,0.2.3,16541,28,http://github.com/quirkey/qadmin
qalam_ims_lti,30591.957499999997,3,0.0.4,5534,0,http://github.com/ahmedhamid13/qalam_ims_lti
qalam_lti_provider_engine,867390.175,11,2.1.0,18665,0,https://github.com/ahmedhamid13/qalam_lti_provider
qalam_merit,1389576.7183571428,15,4.5.12,33084,1519,https://github.com/merit-gem/merit
qalam_oauth_engine,1142392.7711999998,11,3.0.9,21369,0,https://github.com/ahmeddhamid13/qalam_oauth_engine
qa-ldf,446078.21775,5,0.3.2,10439,3,http://github.com/curationexperts/qa-ldf
qanda,2208263.5835,3,0.2.2,6897,0,
qapi,0,1,0.1.0,3703,0,https://codehire.com
qapi-github,0,1,0.1.0,3622,0,https://github.com/coderdan/qapi
qapi-meetup,0,1,0.0.1,3656,0,https://github.com/coderdan/qapi
qa-rails,1838142.959,2,0.1.2,7115,3,http://github.com/eoecn/qa-rails
qa_release_tasks,1209731.2638,6,1.3.2,23891,0,""
qarioz-confluencer,0,1,0.6.0,5650,0,http://github.com/sspinc/confluencer
qa_robusta,156418.82475,5,0.1.9,16860,0,https://cyberconnect.biz/opensource/qa_robusta.html
qas,418.994,2,1.5.1,1763,0,https://github.com/easbarba/qas
qasa-url,0,1,0.1.0,2236,9,https://github.com/qasase/qasa-url
qas_dock_gem,134925.622,41,0.1.41,63383,0,""
qa_server,3511505.09364,51,8.0.1,79553,5,http://github.com/LD4P/qa_server
qasim,0,1,0.1.11.dev.2014102811,2498,0,http://glenux.github.io/qasim
qat-core,25449827.0874,6,9.0.0,20861,2,https://github.com/Ritain-io/qat-core
qat-cucumber,14146834.652666666,10,9.0.2,21650,2,https://github.com/Ritain-io/qat-cucumber
qat-db,63347924.544,3,9.0.0,5712,1,https://github.com/Ritain-io/qat-db
qat-devel,18167872.507999998,8,9.0.0,17523,1,https://github.com/Ritain-io/qat-devel
qa_test,968.236,2,0.2.0,483,0,https://github.com/seu-usuario/nome_da_sua_gem
qatingg,568846.944,3,2.0.3,5024,0,https://tingg.com
qat-logger,42390894.97033333,4,9.0.0,15699,1,https://github.com/Ritain-io/qat-logger
qa-tool,682460.0476666667,4,0.18,8329,23,https://github.com/ajbouh/qa
qat-opentest,0,1,1.0.0,527,0,https://github.com/Ritain-io/qat-reporter-opentest
qat-reporter,8486430.392266667,16,9.0.0,30730,0,https://github.com/Ritain-io/qat-reporter
qat-reporter-xray,42439436.707,4,9.0.0,6818,2,https://github.com/Ritain-io/qat-reporter-xray
qat-reporter-xray-sa,694325.069,6,1.1.4,1756,0,https://github.com/Ritain-io/qat-reporter-xray-standalone
qat-web,9521502.408571428,15,9.0.4,23762,1,https://github.com/Ritain-io/qat-web
qat-web-video,0,1,9.0.0,1068,0,https://gitlab.readinessit.com/qa-toolkit/qat-web-video
q_auth_ruby_client,916811.9526666667,10,0.1.1,23352,0,http://kpvarma.com
qaxqa,950306.5202857143,8,1.4.1,13936,0,https://github.com/rpossan/qaxqa
qb,815171.8040840337,120,0.4.5,201358,1,https://github.com/nrser/qb
qb101,5184.264,2,0.2.0,865,0,https://github.com/jrobertson/qb101
qbert,0,1,0.0.0,4946,0,https://github.com/scrogson/qbert
qbert_bot,22191.852,4,0.0.4,10003,0,http://github.com/lxfontes/qbert_bot
qbfc,2642915.75,3,0.3.0,12832,9,http://github.com/jm81/qbfc
qb_iif,2270.037,3,0.1.2,9367,0,https://github.com/pracstrat/qb-iif
qbittorrent,9120838.927,2,1.4,4052,0,https://github.com/royzheng/qbittorrent
qbloom_filter,31392.2222,6,0.3.4,7956,1,https://github.com/superedriver/qbloom_filter
qbo_api,5818127.825526316,39,3.0.1,1110270,84,https://github.com/minimul/qbo_api
qbo_buttons,2607.53,2,1.0.1,3676,1,https://github.com/minimul/qbo_buttons
qbo_rails,14859388.693,3,1.0.2,23577,3,https://github.com/minimul/qbo_rails
qbo-sandbox,61500.584,2,0.2.0,4504,17,https://github.com/minimul/qbo-sandbox
qbot,10699436.234,3,0.1.10,5882,0,https://github.com/haccht/qbot
qbrick,2580831.7991875,17,2.7.1,38165,3,http://github.com/screenconcept/qbrick
qbt_client,38067954.3715,3,2.0.0,7727,3,https://github.com/jmcaffee/qbt_client
qbuild,33059.824,4,0.1.3,7626,0,https://github.com/nicoschuele/qbuild
qbwc,33304657.227000006,6,1.1.0,227197,95,https://github.com/skryl/qbwc
qbwc_requests,5258015.543043478,47,0.6.4,99208,0,""
qbxml,21957546.56833333,7,0.4.0,316154,0,""
qbxml-dtd6,2648.6209999999996,4,1.0.3,11895,0,""
qc,746825.5060769231,14,0.6.7,22385,12,https://github.com/jorgemanrubia/qc
qc-additions,0,1,0.1.0,3893,0,https://github.com/JakobR/qc-additions
qcbr,0,1,0.1.0,3790,0,https://github.com/polamjag/qcbr
qc_dev_view_tool,0,1,0.1.0,2337,0,https://github.com/lcmaheu
qcloud,0,1,0.0.1,3472,0,""
qcloud_cos,799520.4661999999,6,0.4.2,12682,0,https://github.com/tencentyun
qcloud-cos,50713.82033333334,4,0.0.4,6201,1,http://github.com/xuxiangyang/qcloud-cos
qcloudhive,0,1,0.1.0,2550,0,http://git.code.oa.com/qcloud-terminal
qcloud_ruby,0,1,0.1.0,2506,0,https://github.com/aiasfina/qcloud_ruby
qcloud-sms,83184.386,2,1.0.1,4227,6,https://github.com/ohimy/qcloud-sms
qcloud_vod,0,1,0.0.1,2106,0,http://github.com/xuxiangyang/qcloud_vod
qcloud-vod-sdk,0,1,0.1.1,2040,0,https://github.com/cs-cj/qcloud-vod-sdk
qc-mailer,10327654.4005,3,0.0.3,10232,7,https://github.com/zerobearing2/qc-mailer
qcmd,2686978.289157895,20,0.2.0,53836,9,https://github.com/Figure53/qcmd
qcms,869730.2855,9,2.1.0,31125,1,http://github.com/krisleech/qcms
qcontent,0,1,0.1.0,4836,2,http://github.com/quirkey/qcontent
qcore,0,1,1.2.0,4712,0,http://interkonect.com
qcourses,309692.1362222222,10,0.1.11,31039,0,""
qc.rb,9328170.6508,11,0.0.11,26600,4,https://github.com/bovi/qc.rb
qcs,14389.1938,6,0.3.4,9116,0,https://gitee.com/bengang/qcs
qcumberless,589817.56025,5,0.0.5,15801,4,https://github.com/black-knight/Q-Cumberless-Testing
qddrud,0,1,0.1.1,3678,0,https://github.com/newmediadenver/qddrud
q-defer,112.685,2,0.0.1,6348,66,https://github.com/jclem/q-defer
qdfca,0,1,1,3404,0,http://www.nist.gov/itl/ssd/cs/software-performance.cfm
qdml,0,1,0.0.1,4769,0,http://qdml.rubyforge.org
qdoc,8869982.805,13,1.0.2,29211,0,http://6orbits.com/gems/qdoc
qdocs,79269.5445,5,0.3.0,8393,1,https://github.com/johansenja/qdocs
qdox,0,1,1.10.1,4854,0,http://qdox.codehaus.org/
qdrant-ruby,3529047.0042857146,8,0.9.7,10367,35,https://github.com/andreibondarev/qdrant-ruby
qdsl,156228.6513333333,4,0.0.4,9978,0,https://github.com/rcook/qdsl/
qdumpfs,6811429.391055556,19,1.7.0,18478,0,https://github.com/src256/qdumpfs
qe,7834630.501,10,0.4.0,28245,102,http://github.com/fnando/qe
qed,5771944.7765,31,2.9.2,126274,32,http://github.com/rubyworks/qed/
qedproject,3773172.296111111,19,0.6.2.1,56786,0,http://napcs.github.io/qedproject/
qemu,14162669.718,5,1.0,14887,0,http://projects.tryphon.eu/projects/ruby-qemu
qemu-toolkit,2117789.935,9,0.5.2,26081,0,http://kschiess.bitbucket.org/qemu-toolkit/README.7.html
qenumerable,0,1,0.0.1,3611,0,https://www.github.com/baweaver/qenumerable
qer,7782781.336200001,6,0.3.1,21396,0,
qeweney,1228720.7337692308,27,0.18,42837,45,https://github.com/digital-fabric/qeweney
qf,24593.52566666667,4,0.1.3,8639,0,http://krmbzds.github.io/qf
qfill,56673920.0904,6,0.1.1,30078,1,https://github.com/pboling/qfill
qfs,0,1,0.0.13,2670,0,""
qft,0,1,0.3.0,4667,0,http://qft.rubyforge.org
qfunction,407895.56340000004,16,0.1.6,53848,0,
qhandout,13655940.895,3,0.3.1,9670,0,http://www.qwan.it
q_hash,3704063.981,2,0.2.0,1937,2,https://github.com/AkihikoITOH/q_hash
q-hello,0,1,1.0.0,143,0,
qi,8225601.04862069,30,10.0.0,30564,6,https://github.com/sashite/qi.rb
qian,0,1,0.0.11,2316,0,""
qif,23708327.382000003,9,1.2.0,101645,60,http://github.com/jemmyw/Qif
qiflib,5981280.312111111,10,0.6.0,26884,0,https://github.com/cjoakim/qiflib
qig,246599.15319999997,6,0.4.0,6250,0,https://github.com/NAR8789/qig-ruby
qihu360,3984755.6240000003,6,0.4.1,16292,18,https://github.com/icyleaf/qihu360
qihusem,3885409.792,2,0.0.2,5763,0,""
qiita,15837548.988636363,23,1.5.0,66176,150,https://github.com/increments/qiita-rb
qiita2evernote,0,1,0.0.1,2440,3,https://github.com/yasuhiroki/qiita-to-evernote
qiita-build,0,1,0.1.0,3424,0,https://github.com/naoty/qiita-build
qiita-elasticsearch,1778577.6141612902,32,0.19.0,74019,0,https://github.com/increments/qiita-elasticsearch
qiita-export,1321552.9103333333,4,0.0.4,9036,5,https://github.com/akishin/qiita-export
qiitakun,0,1,0.1.0,3781,0,https://github.com/south37/qiitakun
qiita_mail,4276656.271000001,4,0.3.0,12492,0,""
qiita-markdown,3493164.719488372,87,1.1.2,285398,392,https://github.com/increments/qiita-markdown
qiita-markdown-cli,34153088.544,3,0.1.2,7326,2,https://github.com/KOBA789/qiita-markdown-cli
qiita_marker,5145058.152666667,10,0.23.9.0,29319,19,https://github.com/increments/qiita_marker
qiita_matome,100592396.023,2,0.1.0,5189,3,https://github.com/tbpgr/qiita_matome
qiitan,0,1,0.0.3,3660,0,""
qiita_nekosogi_stocker,0,1,1.0.0,3431,0,https://github.com/tbpgr/qiita_nekosogi_stocker
qiita_org,1696578.0861190476,43,0.2.2,56010,5,https://github.com/yamatoken/qiita_org
qiita_picks,0,1,0.1.2,3451,0,https://github.com/henteco-labs/qiita_picks
qiita_scouter,94023006.454,2,0.1.0,5360,2,https://github.com/tbpgr/qiita_scouter
qiita-sdk,251805.43949999998,13,1.1.1,17134,0,https://gitlab.com/sibakeny/qiita-sdk
qiita-takeout,2191.439,2,0.2.0,5527,2,https://github.com/uetchy/qiita-takeout
qiita-team-reporter,0,1,0.1.0,2421,2,https://github.com/yasslab/qiita-team-reporter/
qiita_team_services,1996108.9877142857,8,0.3.8,18214,3,https://github.com/increments/qiita-team-services
qiita-team-templates,428.37,2,0.1.1,56710,12,https://github.com/increments/Qiita-Team-Templates
qiita_trend,3580878.8826052635,39,0.5.6,55517,8,https://github.com/dodonki1223/qiita_trend
qik-loops,315996.85599999997,3,2.1.4,11636,0,http://github.com/glebpom/loops
qiksms,0,1,0.0.1,2152,0,https://github.com/denmarkmeralpis/qiksms
qilin,0,1,0.1.0,4302,9,http://github.com/krobertson/qilin
qimport,2003276.847,2,0.1.2,6344,0,https://github.com/br3tt/qimport
qingcloud-cli,0,1,0.1.0,1919,1,https://github.com/jiewuzhan/qingcloud-cli
qingcloud-sdk,8765885.69142857,8,2.0.0,17370,0,https://github.com/yunify/qingcloud-sdk-ruby
qingcloudserver,45119.135500000004,5,0.0.5,11181,0,https://github.com/0x00evil/qingcloud-server-sdk
qingstor-sdk,8813179.7326,16,2.5.0,28785,4,https://github.com/yunify/qingstor-sdk-ruby
qingting_api,11815640.713,4,0.3.0,8548,12,https://github.com/cheenwe/qingting_api
qingyun-api-demo,0,1,0.0.1,2399,0,https://github.com/Chen188/qingyun-api-demo.git
qiniu,13341866.728625,17,6.9.1,1262944,164,https://github.com/qiniu/ruby-sdk/
qiniu2upyun,0,1,0.0.5,3624,0,https://gitcafe.com/zgm/QINIU-to-UPYUN
qiniu_direct_uploader,14350234.16275,9,0.0.9,20384,27,https://github.com/huobazi/qiniu_direct_uploader
qiniu_form,49659.364,2,0.0.2,5212,0,""
qiniu_jxb,0,1,6.2.4,3066,164,https://github.com/qiniu/ruby-sdk
qiniu_jxb_fix,49879.27066666667,4,6.4.5,9359,164,https://github.com/qiniu/ruby-sdk
qiniu-kit,7902.946,3,0.1.3,8362,0,https://github.com/why404/qiniu-kit
qinium,535128.075,2,0.1.2,1251,0,https://github.com/xiaohui-zhangxh/qinium
qiniu_mini_sdk,6379.262333333333,4,0.1.0,9971,0,https://github.com/mjason/qiniu_mini_sdk
qiniu-policy,0,1,0.1.1,3447,0,https://github.com/why404/qiniu-policy
qiniu_rails,18365866.662,2,1.0.0,3512,13,https://github.com/qinmingyuan/qiniu_rails
qiniu-rs,2046807.445125,33,3.4.10,96767,164,https://github.com/qiniu/ruby-sdk/tree/qiniu-rs
qiniu-s3,0,1,0.1.2,4058,0,https://github.com/why404/qiniu-s3-sdk-for-ruby
qiniu_service,1407.738,2,0.1.1,4146,0,""
qiniu-service,0,1,0.1.0,2470,0,https://rubygems.org/gems/qiniu-service
qiny_sunspot_solr,0,1,2.1.0,1837,0,https://github.com/zhuoerri/sunspot/tree/master/sunspot_solr
qio,0,1,0.0.1,4066,1,https://github.com/kindkid/qio
qipowl,1505563.493,5,0.9.7,13283,0,http://github.com/mudasobwa/qipowl
qippet,0,1,0.1.0,140,0,https://github.com/Urchmaney/qippet
qismo,840765.5638139535,44,0.18.3,18373,0,https://bitbucket.org/qiscus/qismo-rb/src/v0.18.3
qiubai,0,1,0.0.0,3171,0,http://rubygems.org/gems/qiubai
qiwi,0,1,0.1.0,4277,15,http://github.com/romanbsd/qiwi
qiwi_observer,0,1,0.2.1,2662,2,https://github.com/izhanov/qiwi_observer
qiwi-pay,5170058.488,8,0.2.1,15339,10,https://github.com/OnlinetoursGit/qiwi-pay
qiwu_view_tool,259110.0165,3,0.1.2,4929,0,https://rubygems.org/profiles/qiwu
ql,1503047.7615,3,0.0.4,8139,4,https://github.com/hf/q
qlabel-rails,0,1,0.0.1,3369,1,https://github.com/abartov/qlabel-rails
qlab-ruby,0,1,0.1.2,3701,5,https://github.com/Figure53/qlab-ruby
qlang,385821.84263157897,20,0.0.27182124,45878,0,https://github.com/gogotanaka/q
q-language,0,1,1.0.0,4035,0,
Qlee,1109.8285,5,0.0.5,12131,0,http://github.com/li-qiang
qless,17461069.598899998,11,0.12.0,205230,292,http://github.com/seomoz/qless
qless-campfire,0,1,0.9.1,4259,292,http://github.com/seomoz/qless
qless-growl,0,1,0.9.1,4268,292,http://github.com/seomoz/qless
qless-pool,2172478.131,4,0.5.2,15087,0,http://github.com/backupify/qless-pool
qlg,0,1,1.0.0,4135,0,http://github.com/Talby/qlg
qlgit,80292.654,2,0.1.1,4891,0,https://github.com/mocchit/qlgit
qliksense_connector,0,1,0.1.0,1927,0,https://github.com/Mashey/qliksense_alation_connector
qlive,6536797.691666666,4,0.4.0,12530,7,https://github.com/proxv/qlive/
qlive-rails,8991666.363375,9,0.4.3,25355,7,https://github.com/proxv/qlive/gems/qlive-rails/
qlive-rspec,11947006.721666666,7,0.4.3,20139,7,https://github.com/proxv/qlive/gems/qlive-rspec/
qlzruby,9260565.058400001,6,0.1.2,38632,0,https://bitbucket.org/winebarrel/quick-ruby
qm,1771997.6626249999,33,1.2.4,80416,2,https://github.com/qmachine/qm-ruby
qm-acts-as-generic-controller,558886.0050810811,38,0.2.2,127360,0,http://q.saepia.net
qmail_log,0,1,0.1.0,2743,2,https://github.com/alotofwe/qmail_log
qman,24021.655,4,0.0.3,7089,0,http://rubygems.org/gems/qman
qmessage,36007.010500000004,3,0.1.1.1,6980,1,https://github.com/molingyu/qmessage
qmetrics,3007144.16,2,0.1.4,4856,0,""
qmin,1979139.2877,11,0.0.11,28848,2,https://github.com/qmin/qmin
qmk-cli,11995129.938,2,0.3.0,3554,3,https://github.com/nicinabox/qmk-cli
qml,3426322.683,10,1.0.2,26444,0,http://seanchas116.github.io/ruby-qml/
qmore,4040072.515125,9,0.7.0,27489,0,""
QMUI_Sass,3563556.208625,9,1.2.3,13820,0,https://qmuiteam.com/web/page/tools.html
qna,0,1,0.1,1555,45,https://github.com/digital-fabric/qna
qna_maker,326752.675,3,0.3.0,4974,2,https://github.com/Birdie0/qna_maker
qnap-download_station,44859521.78225,5,0.0.5,8597,20,https://github.com/cyclotron3k/qnap-download_station
qnap-file_station,35759328.3788,6,0.0.6,10441,4,https://github.com/cyclotron3k/qnap-file_station
qnd_html2page,1628926.004333333,7,0.2.4,11209,1,https://github.com/jrobertson/qnd_html2page
qnotifier,1331667.4624666667,16,1.0.1,55958,0,http://qnotifier.com/qnotifier_gem
qntf,0,1,0.1.0,4736,0,http://www.l3kn.de
qo,1689279.5973750001,17,0.99.0,66025,0,https://www.github.com/baweaver/qo
qoa,288854.443,4,0.0.4,1399,2,https://github.com/mmatongo/qoa
qodex-rails,233265.19008333332,13,0.1.12,3233,7,https://github.com/qodex-ai/qodex-rails
qonf,3489770.6206666674,4,0.0.4,10297,0,""
qonfig,4220041.819516129,32,0.28.0,1061082,24,https://github.com/0exp/qonfig
qonto,10876282.23625,5,0.3.0,8287,9,https://github.com/scharrier/qonto-ruby
qonto_ofx,479747.081,2,1.0.2,3796,0,https://github.com/simon-watiau/qonto_ofx
qoobaa-aws-sqs,1.9267500000000002,5,0.1.5,12372,0,http://github.com/qoobaa/aws-sqs
qoobaa-d2s3,3.80425,5,0.2.0,12302,0,http://github.com/qoobaa/d2s3
qoobaa-enum_field,0,1,0.1.1,3261,0,http://github.com/giraffesoft/enum_field
qoobaa-force_encoding,0,1,2.0.0,3270,0,http://github.com/qoobaa/force_encoding
qoobaa-javascript_i18n,1.7936666666666667,4,0.2.2,10008,32,http://github.com/qoobaa/javascript_i18n
qoobaa-liquid,0,1,2.0.1,3227,0,http://www.liquidmarkup.org
qoobaa-lol,0,1,0.1.0,3244,4,http://github.com/qoobaa/lol
qoobaa-oauth,0,1,0.3.8,4570,2,http://github.com/drogus/oauth
qoobaa-opensocial,996059.8946363636,12,0.2.2,42507,0,http://github.com/qoobaa/opensocial
qoobaa-pg,0,1,0.8.1,3284,0,http://github.com/qoobaa/pg
qoobaa-rack,2.05,2,1.0.2,5502,0,http://rack.rubyforge.org
qoobaa-s3,2.0,2,0.0.4,5511,259,http://github.com/qoobaa/s3
qoobaa-s3_upload_form,2.0633333333333335,4,0.3.0,10023,2,http://github.com/qoobaa/s3_upload_form
qoobaa-sqlite3-ruby,1.762,2,1.2.6,5542,0,http://github.com/qoobaa/sqlite3-ruby
qoobaa-sqs,1.789,2,0.1.1,5509,5,http://github.com/qoobaa/sqs
qoobaa-stree,2.157,2,0.2.0,5498,0,http://github.com/qoobaa/stree
qoobaa-to_hash,1.8405,3,0.1.2,7743,7,http://github.com/qoobaa/to_hash
qoobaa-user-choices,0,1,1.1.7,3283,0,http://github.com/qoobaa/user-choices
qoobaa-vcard,2.127,2,0.1.1,5496,52,http://github.com/qoobaa/vcard
qoobaa-webrat,1.885,2,0.4.6,5784,1528,http://github.com/brynary/webrat
qoolife-api,0,1,0.0.3,3102,0,https://github.com/qoolife/qoolife-api
qooxview,12963863.166666666,7,1.9.1312,12926,1,https://github.com/ineiti/qooxview
qops,5695738.055521739,24,1.8.1,53561,2,https://github.com/quandl/opsworks_commands
qor_cache,19202378.971666668,4,0.0.4,12479,8,http://github.com/qor/qor_cache
qordoba_ruby_sdk,30826.842999999997,3,0.1.2,5614,0,https://www.qordoba.com/
qor_dsl,431626.40446666663,16,0.3.3,47408,8,https://github.com/qor/qor_dsl
qor_layout,1618451.7947500001,5,0.0.5,16144,0,""
qor_test,3345294.47525,9,1.0.1,26230,0,""
qotd,139275.9268,6,2.0.3,22699,0,https://github.com/jfjhh/qotd
qp,0,1,0.0.1,4688,0,https://github.com/hayesgm/qp
qparol,0,1,1.0.3,2452,0,https://github.com/Ogromny/Qparol/
qparser,53178.413875,9,0.3,23308,0,""
qpay,259.117,2,1.6.0,4146,0,https://github.com/scorix/qpay
qpid,65089871.171,2,0.1.3,7650,0,http://github.com/talkasab/qpid
qpid_management,0,1,1.0,3768,0,http://qpid.apache.org
qpid_messaging,9623380.093571428,22,1.39.0,145172,0,http://qpid.apache.org
qpid_proton,8949442.492823528,35,0.37.0,221596,0,http://qpid.apache.org/proton
qplus,239941.635,2,0.0.2,6928,0,""
qprocessor,805944.565,4,0.3.1,4192,0,https://github.com/free-beer/qprocessor.git
qprof,14596675.6175,3,1.1.0,2070,0,https://github.com/grahamotte/qprof
qpush,482247.2247142857,8,0.1.10,16679,0,https://github.com/nsweeting/qpush
qq,8091354.801666666,4,0.2.4,7789,8,https://github.com/techspaceco/qq
qq_17up,170229.11775,5,4.0.3,13651,0,https://github.com/17up/qq_17up
qqbot,421925.00899999996,8,0.1.6,16474,277,https://github.com/ScienJus/qqbot
qq_client,74507.164,2,4.1.1,5319,0,http://rubygems.org/gems/qq_client
qq_conn,0,1,0.3.1,2560,0,https://github.com/046569/qq
qq_connect,0,1,0.1.1,3868,0,https://github.com/pobing/qq_connect
qqface,921.788,3,0.1.1,10042,0,http://rubygems.org/gems/qqface
qqfileuploader,0,1,0.0.1,4178,3,https://github.com/bronzle/qqfileuploader
qq_hulian,0,1,0.0.1,3578,0,""
qq_more,0,1,0.0.0,3215,0,http://rubygems.org/gems/hola
qq-pengyou,0,1,1.0.0,4420,0,http://github.com/huacnlee/qq-pengyou
qqpush,173381.7007142857,8,0.0.8,17041,0,https://github.com/chaoli46/qqpush
qqq,163052.30066666668,4,0.1.2,7827,0,https://www.github.com/jskulski/qqq
qq_weibo,0,1,0.0.1,3463,0,https://github.com/vtedndx/qq_weibo
qqwry,343495.712,3,0.0.3,12306,8,https://github.com/xiaosuo/qqwry
qr,0,1,0.0.0,4244,0,
qr4r,21888783.648125,17,0.6.2,560080,16,http://github.com/rcode5/qr4r
qrapi-wrapper,0,1,0.6.0,2225,0,https://www.github.com/eoschools/qrapi
qravan,129277.851,2,0.1.1,803,2,https://github.com/capaas/qravan
qrb,264360.7865,3,0.3.0,8222,67,https://github.com/blambeau/qrb
qr-bills,5007550.6278125,17,1.0.10,29584,21,https://github.com/damoiser/qr-bills
qrcli,0,1,0.0.1,4368,3,https://github.com/jhawthorn/qrcli
qrcode,0,1,0.0.1,7192,0,https://github.com/vishalzambre/rqrcode.git
qrcodeable,1097.771,2,1.0.3,4074,0,https://github.com/yunanhelmy/qrcodeable
qrcode-generator,105807.77100000001,5,0.0.5,13439,0,
qrcode_intent,79080.08099999999,3,0.2.0,5085,0,https://github.com/jrobertson/qrcode_intent
qrcode_pix_ruby,8880364.684999999,11,0.6.0,55419,39,https://github.com/pedrofurtado/qrcode_pix_ruby
qrcoder,2652.081333333333,4,0.1.3,15331,8,http://github.com/milboj/qrcoder
qrcode-waze,55904178.19,3,0.9,6526,0,https://facebook.com/Solution4Mac
qrcode_web,0,1,0.0.1,3426,0,""
qrcx,197.026,2,0.2.0,7228,0,http://hartwigbrandl.com/dev/qrcx
qrda_generator,749.099,2,1.0.1,6787,1,https://github.com/projectcypress/qrda_generator
qredis,0,1,0.1.0,910,0,https://github.com/LoranKloeze/Qredis
qreds,0,1,0.0.1,9778,17,https://github.com/rafal42/qreds
qreki,9114890.6775,3,0.0.4,10164,8,https://github.com/ozamasa/qreki
qrencoder,15965507.6264,6,1.4.1,97580,0,http://nycrb.rubyforge.org/qrencoder
qreplay,0,1,1.0.0,3310,0,http://github.com/quizlet/qreplay
qreport,1358640.7954285715,8,0.1.0,21369,2,http://github.com/kstephens/qreport
qreport_time_parser,0,1,0.0.2,2998,1,http://github.com/kstephens/qreport_time_parser
qrgo,43892.7785,3,0.1.2,526,2,https://github.com/DanteB918/QRGo-Wrapper
qricker,1565577.4323333332,10,0.1.13,16298,0,http://your.website.com
qrio,0,1,0.0.1,664467,57,http://github.com/rubysolo/qrio
qrpc,4289606.1055,11,0.9.1,35536,3,http://github.com/martinkozak/qrpc
qrpm,4038270.3503333335,16,0.5.2,6607,0,http://www.nowhere.com/
qrq,0,1,0.0.1,3239,0,""
qrscanner,3929816.9855,5,0.4.1,17885,28,http://github.com/andys/qrscanner
qrtools,0.0,2,1.0.1,9131,0,http://qrtools.rubyforge.org/
qr-to-otp,2333195.319,3,0.1.0,566534,0,https://github.com/tusharmetkar/qr-to-otp.git
qruby,10026.497,2,0.2.0,7986,19,https://github.com/izniburak/qruby
q-ruby-driver,0,1,1.1.0,4155,4,http://github.com/pdodds/q-ruby-driver
qrush-beardo,0,1,0.1.0,3248,5,http://github.com/qrush/beardo
qrush-clearance,0,1,0.7.0,3221,3670,http://github.com/thoughtbot/clearance
qrush-factory_girl,0,1,1.2.1.1,3269,0,
qrush-gemcutter,2.038090909090909,12,0.1.2,28191,22,http://github.com/qrush/gemcutter
qrush-jekyll,2.3135,5,0.5.1,12265,0,
qry,0,1,1.0.0,1974,0,
qry_filter,5927701.527500001,3,0.2.0,5464,0,https://github.com/inaki-ibarra/qry_filter
qrz-callbook,0,1,0.0.1,4324,2,http://github.com/bradmc/qrz-callbook
qs,11841444.882727273,12,0.8.1,29653,1,http://github.com/redding/qs
qsagi,25047994.242399998,11,0.2.3,113486,5,https://github.com/braintree/qsagi
qsar-report,15913734.529166667,7,1.0.3,13975,0,https://git.in-silico.ch/qsar-report
qserver,0,1,1.0.0,4163,0,""
qs-heroku-client,0,1,0.0.2,3604,0,""
QSID,1381578.0999999999,8,1.0.1,24779,0,http://qsid.quietsight.com
qspec,7100936.290999999,6,1.0.1,15992,0,""
qs-request-tracker,15370.845,2,0.0.2,6154,0,""
qs-resque,0,1,0.0.1,3728,0,http://github.com/kellyredding/qs-resque
qst_client,37415.6995,5,0.5,19266,0,http://code.google.com/p/qst-client-ruby
qswarm,2972144.5111499997,21,1.0.0,62604,4,http://github.com/ennui2342/qswarm
qt1070,215994.564,3,0.1.2,7336,0,https://github.com/sillevl/ruby-qt1070
qtapp,125908.65800000001,3,1.4.1.2,7579,0,http://github.com/5t111111/qtapp
qtbindings,7836144.040193548,32,4.8.6.5,261770,341,http://github.com/ryanmelt/qtbindings
qtbindings-qt,19874187.0565,7,4.8.6.4,32810,341,http://github.com/ryanmelt/qtbindings
qt-commander,206430.617,2,0.1.0,6032,0,https://github.com/jemc/qt-commander/
qt_connect,3119997.78,2,1.5.2,7267,9,https://github.com/CeesZ/qt_connect
qtc-sdk,1970076.8395454546,12,0.5.0,27269,3,https://github.com/qtcloudservices/qtc-sdk-ruby
qt-deploy-win,0,1,0.0.2,2946,1,https://github.com/MOZGIII/qt-deploy-win
qtest-ruby,0,1,0.1.0,2408,0,http://github.com/dmcneil/qtest-ruby
qTestScenarioRuby,13880.711,2,1.0.1,5504,0,https://www.qasymphony.com/testing-platform/qtest-scenario/
qtext,19476262.66972727,12,0.6.9,40354,0,http://gitweb.semiosix.com/qtext
qthor,0,1,0.19.1.5,8019,0,http://whatisthor.com/
qti,2044761.7809819821,112,2.22.6,179079,6,https://github.com/instructure/qti
qticker,2503663.195,2,1.1.0,4387,2,https://github.com/lair001/qticker
qtime,8117205.5075,3,0.0.3,7630,0,https://github.com/mikegao/qtime
qtip2-jquery-rails,4710274.154111112,10,2.2.100,272491,3,https://github.com/jhx/gem-qtip2-jquery-rails
qtip2-rails,0,1,2.2.1.1,3223,0,https://github.com/jmera/qtip2-rails
qtjruby-core,0,1,0.3.0,4388,0,
qtool,0,1,0.1.0,4210,3,https://github.com/robrix/q/
qtools,2926372.648,7,0.4.3,14632,0,https://github.com/kerkomen/qtools
qtousart-sortable_pictures,0,1,1.0.0,3282,0,http://github.com/qtousart/sortable_pictures
qtpay,1933016.5596666664,4,0.0.4,9460,0,https://github.com/tofugear/qtpay
q_translate,15097420.025999999,3,0.0.2,9170,0,http://github.com/mathieugagne/q-translate
qtrefmovie,0,1,0.1.1,4435,0,""
qtrix,0,1,0.0.1,3602,0,""
qtruby4,6371654.342499999,3,2.1.0,44573,0,http://rubyforge.org/projects/korundum/
qttk,108031.105,2,0.2,3574,6,http://github.com/jslabovitz/qttk
qtunes,145196.81483333334,7,0.0.7,22549,2,http://github.com/eval/qtunes
qu,4573855.705399999,6,0.2.0,66167,507,http://github.com/bkeepers/qu
quack,21781405.9332,6,1.1.0,21333,2,https://github.com/djreimer/quack
quack_concurrency,2199836.6566666667,13,0.6.0,19377,0,https://github.com/robfors/quack_concurrency
quacker,0,1,0.1.0,1567,0,https://github.com/pjshwa/quacker
quackingduck-fancyviews,2.304666666666667,4,1.3,10011,0,
quack_pool,798910.086,2,0.1.0,3497,0,https://github.com/robfors/quack_pool
quacks,0,1,0.1.0,1945,0,http://github.com/istanful/quacks
quacks-like,0,1,1.0.0,4362,0,http://cosine.org/ruby/QuacksLike/
quacky,1807956.9799090908,12,0.2.8,43199,5,https://github.com/moonmaster9000/quacky
quacky-charts,1773436.2988000002,6,0.0.9,17926,0,""
quad_connect,0,1,1.0.0,305,0,http://rubygems.org/gems/quad_connect
quaderno,5958543.322777778,55,3.0.0,869229,15,https://github.com/quaderno/quaderno-ruby
quadhook,0,1,0.0.1,3096,0,https://github.com/inspire9/quadhook
quadkey,43216743.533,3,0.3.0,50394,8,https://github.com/deg84/quadkey
quadkey_converter,0,1,0.1.0,2301,2,https://github.com/takehiromouri/QuadkeyConverter
quadrado,0,1,0.1.0,2040,0,http://github.com/andreterceiro
quadratic,0,1,1.0,2604,0,https://github.com/citrusui/quadratic
QuadraticEquation_MS,0,1,1.0.0,3657,0,http://rubygems.org/gems/quadraticEquation_MS
quadratic_number,26767269.402999997,3,0.1.0,5287,0,https://github.com/hmmnrst/quadratic_number
quadrigacx,4617738.274904762,22,1.0.0,47057,12,https://github.com/mhluska/quadrigacx
quadro,213931.4042,11,0.6.1,29347,0,""
quadro-i18n,248356.644,2,0.6.0,5776,0,https://github.com/hugogilmar/quadro-i18n
quad_sphere,211316.046,2,1.0.0,6447,23,https://github.com/cix/QuadSphere
quad_tile,23561.39,2,1.0.1,83948,2,https://github.com/openstreetmap/quad_tile
quadtree,18877571.4938,11,1.0.11,11875,1,https://github.com/janlindblom/ruby-quadtree
quaff,2896793.990035714,29,0.7.3,74902,7,http://github.com/rkday/quaff
quaid,3243855.3359999997,3,0.0.3,9228,0,https://github.com/musicglue/quaid
quail,0,1,0.0.1.pre,2096,0,https://github.com/udzura/quail
qu-airbrake,13647200.457,2,0.2.0,11518,507,http://github.com/bkeepers/qu
quake,128703.14850000001,3,0.0.3,10343,5,https://github.com/chrisbaglieri/quake
quake-db_profiling,0,1,0.0.3,3226,3,https://github.com/quake/db_profiling/wikis
quake_game,0,1,0.1.1,157,0,https://github.com/moretoend/quake_game
quakelive_api,10168725.177333334,4,0.1.2,10972,3,https://github.com/emq/quakelive_api
quake_parser,132568.628,4,0.1.4,1264,0,https://github.com/yasmincrisostomo/quake_parser
quaker,380486.39820000005,6,0.3.3,11038,4,https://github.com/igorshapiro/quaker
quaker3,0,1,0.0.1,1459,0,https://github.com/renangigliotti/quaker3
quake_timesheets_client,131069.18449999999,7,0.1.6,12707,0,https://www.quake.co.uk
qualaroo,115865.9955,3,0.0.3,8191,0,""
qualiac_twine,1579577.5977272727,12,0.0.11,21708,0,http://rubygems.org/gems/qualiac_twine
quality,2309669.571976378,128,40.0.1,462305,153,https://github.com/apiology/quality
quality_analyzer,0,1,0.0.2,3316,0,http://github.com/swistaczek/quality_analyzer
quality_assurance,0,1,1.0.1,1895,0,https://github.com/SemyzSerhii/quality-assurance
quality_extensions,15527483.500428572,15,1.4.0,64789,5,http://github.com/TylerRick/quality_extensions
qualityforward,0,1,0.1.0,2010,0,https://github.com/goofmint/qualityforward-rb.git
QualityGemUi,0,1,1.0.0,1938,0,https://github.com/dimkawp-2/quality-gem-ui
quality-measure-engine,6947247.36853125,33,3.2.0,103392,2,https://github.com/projectcypress/quality-measure-engine
quality_meter,124226.70899999999,3,1.0.0,7111,0,https://github.com/arpitvaishnav/quality_meter
quality_rdoc,0,1,0.0.1,4644,0,http://rdoc.qualitysmith.com/quality_rdoc
qualitysmith_extensions,0.06666666666666667,16,0.0.64,58273,0,http://qualitysmithext.rubyforge.org/
quality_time,309.824,2,0.1.1,6570,1,http://github.com/teleological/quality_time
qualtrics,1648809.7936363637,12,0.6.1,28105,0,https://github.com/sunkev/qualtrics
qualtrics_api,9003705.786,16,0.0.16,34890,6,https://github.com/CambridgeEducation/qualtrics_api
qualys,21108357.713,5,0.1.5,10754,4,http://github.com/mikemackintosh/ruby-qualys
qualys_api,111630475.333,2,0.1.6,4190,1,https://github.com/mort666/qualys_api
quandl,8794999.422666667,25,1.2.0,163400,62,https://github.com/quandl/quandl-ruby
quandl_babelfish,1377717.2834444444,10,0.0.11,53582,0,http://quandl.com/
quandl_cassandra,1342136.1462727273,23,1.4.0,59996,0,https://www.quandl.com/
quandl_cassandra_models,98611.38750000001,9,0.3.14,23150,0,http://blake.hilscher.ca/
quandl_cassinatra,322072.14712121215,34,0.2.3,87512,0,http://blake.hilscher.ca/
quandl_client,657506.0617073171,83,2.13.0,210403,0,https://www.quandl.com
quandl-config,14303348.715400001,6,1.0.0,61414,1,https://github.com/quandl/quandl-config
quandl_data,678564.8043809524,43,1.5.1,137746,0,http://blake.hilscher.ca/
quandl-elasticsearch,0,1,2.1.0.rc5,1689,0,https://github.com/quandl/quandl-elasticsearch
quandl_format,651776.7665384616,27,0.5.1,67575,0,http://blake.hilscher.ca/
quandl_location,179412.5255,3,0.2.0,8621,0,https://github.com/quandl/quandl_location
quandl_logger,2209362.1705833334,13,0.3.1,62544,0,http://blake.hilscher.ca/
quandl_operation,1683111.3236304347,47,0.4.2,146709,0,http://blake.hilscher.ca/
quandl_ruby,4241279.916666667,10,0.2.6,24483,27,https://github.com/knrz/Quandl-Ruby
quandl_sandbox,4195.958,2,0.1.1,5944,0,http://blake.hilscher.ca/
quandl-slack,70032.3,2,0.0.2,23469,0,""
quandl_utility,2494963.3228,11,0.2.2,29714,0,https://www.quandl.com
quando,9433888.341166666,7,0.0.8,12635,4,https://github.com/kinkou/quando
quandoo,0,1,1.0.0,2363,16543,https://github.com/swagger-api/swagger-codegen
quandora,85075212.182,2,0.3.0,5350,3,https://github.com/buzzjective/quandora/
quant,132027.1615,5,0.0.5,15370,0,""
quantcloud,0,1,0.0.1,3252,0,""
quantified,14087657.8225,3,1.1.0,1174216,15,https://github.com/Shopify/quantified
quantify,2178457.7300500004,21,3.2.1,65222,12,https://github.com/spatchcock/quantify
quantify-amee,0,1,0.1.0,4070,0,https://github.com/spatchcock/quantify-amee
quantile,37718184.87775,5,0.2.1,6535336,12,http://github.com/matttproud/ruby_quantile_estimation
quantile_estimator,0,1,0.0.2,4251,0,https://github.com/diegoeche/quantile_estimator.rb
quantipay-acts_as_secure,1929956.6055,3,1.0.4,11753,0,http://github.com/quantipay/acts_as_secure
quantipay-authlogic_haapi,2.068,2,1.0.3,5505,0,http://github.com/quantipay/authlogic_haapi
quantipay-foreign_domain_routing,1.896,2,1.0.3,5477,0,http://github.com/quantipay/foreign_domain_routing
quantipay-foreign-domain-routing,2.082,2,1.0.2,5484,0,http://github.com/quantipay/foreign-domain-routing-gem
quantipay-ssl_requirement,0,1,1.1.1,3245,0,http://github.com/tbmcmullen/ssl_requirement
quantitative,232032.68653846157,14,0.2.2,2339,9,https://github.com/mwlang/quantitative
quantity,21178702.8285,3,0.1.2,39880,71,http://github.com/bhuga/quantity
quantitymanager,0.0,4,0.9.2,14648,0,http://rubyforge.org/projects/quantitymanager/
quantity-queries,143503.409,4,0.4,9594,191,https://github.com/danielguillan/quantity-queries
quantize,84851403.1805,3,0.0.4,8860,0,http://github.com/CustardCat/quantize
quanto-ruby,2136025.2960666665,16,0.0.17,38704,0,https://github.com/rasmusrygaard/quanto-ruby
quantum,689140.942,9,0.0.10,23654,0,https://github.com/drexed/quantum
quantum_core,0,1,0.0.0,2209,0,http://github.com/0exp/quantum_core
quantumEntanglement,0,1,0.1.0,1950,0,https://github.com/jpcoderesearch/quantumEntanglement
quantum_fields,557450.642,3,0.2.0,4627,7,https://github.com/ErvalhouS/quantum_fields
quantum_leap,15991625.73788889,10,0.7.2,30361,8,https://github.com/mattreduce/quantum_leap
quantum_rng,41390713.287,6,0.3.1,13365,3,https://github.com/alephtwo/quantum_rng
quantum_ruby,70441.342,2,0.9.0,3179,13,https://github.com/AlessandroMinali/quantum_ruby
quanty,3235.293,2,1.2.0,7642,0,http://raa.ruby-lang.org/project/quanty/
quapistrano,0,1,1.0.0,3983,2,http://github.com/tiagoblackcode/quapistrano
quarantine,4878781.828533334,16,2.2.2,612311,65,https://github.com/flexport/quarantine
QuarantineLiveStreams,17760.467,2,0.1.1,3187,0,https://github.com/mattenbar/QLS
quarantini,0,1,0.1.0,341,0,https://github.com/irphilli/quarantini
quarantino,1179.068,2,0.0.2,11842,0,http://github.com/widernet/quarantino-client
quark,232851.1920869565,24,0.4.1,59095,0,https://github.com/ghetzel/quark
quark-publisher,5495606.304500001,3,0.3.0,4812,0,
quarkus-managed-dependency,64904.776,2,1.0.1,2051,0,https://github.com/lightguard/managed-dependency-extension/tree/ruby
quarrel,637.2365,3,0.0.3,8626,0,https://github.com/christianbradley/quarrel
quarry,0.0,4,0.5.2,14998,0,http://quarry.rubyforge.org
quarter,5472744.3533333335,4,1.2.1,6250,0,https://github.com/readysteady/quarter
quarter_date_select,0,1,0.1.0,3439,0,https://github.com/qarol/quarter_date_select
quartermaster,0.0,4,1.0.3,14804,0,http://contentfree.rubyforge.org/quartermaster
quarter_system,759.514,2,0.1.2,7198,1,http://github.com/caleon/quarter_system
quarter_time,12614405.41,6,1.1.0,48323,2,http://github.com/evizitei/quarter_time
quarterweek,123388.63066666666,4,0.0.4,7200,0,http://rubygems.org/gems/quarterweek
quartet,5779268.490499999,5,0.1.4,7336,0,https://github.com/guineec/quartet
quarto,0,1,0.0.1,3721,0,""
quartz,6988517.159473685,20,1.5.0,53444,532,http://github.com/DavidHuie/quartz
quartz-dotnet,0,1,1.0.2.0.20100811,4412,0,http://fisheye3.atlassian.com/browse/quartznet
quartz_flow,3084796.938333333,4,0.0.4,10961,2,https://github.com/jeffwilliams/quartz-flow
quartz_flow_plugin_shows,71232.324,2,0.0.3,5890,2,https://github.com/jeffwilliams/quartz-flow
quartz-jruby,3438783.822,2,0.1.1,8563,21,http://github.com/artha42/quartz-jruby
quartz_torrent,1987317.559,6,0.2.0,16122,13,https://github.com/jeffwilliams/quartz-torrent
quarzo_soft_delete_for,0,1,0.1.0,2282,0,
quasar_rest_client,1276599.021,2,0.2.0,5819,2,https://github.com/riverock/quasar_rest_client
quasi,14568.062249999999,5,0.0.6,17582,0,http://gammabox.heroku.com/quasi
quassertions,2645429.699,2,0.1.457,5614,0,""
quata,24054471.707,10,0.2.0,17961,5,https://github.com/DannyBen/quata
quaternion,7520657.5945,3,0.1.2,7431,0,https://github.com/tanahiro/quaternion
quaternion_c2,57347730.847333334,4,1.0.0,5865,1,https://github.com/hmmnrst/quaternion_c2
quattle,3175955.8157777777,10,1.6.0,9178,0,https://quattle.victorwynne.com
quattrone_view_tool,0,1,0.1.0,1881,0,https://github.com/JoeQuattrone/quattrone_view_tool
quay,0,1,0.0.1,3473,0,""
quayio-scanner,13486689.528769232,14,0.4.0,20026,1,https://github.com/aboutsource/quayio-scanner
qube,1004039.252,2,0.0.2,3780,0,https://github.com/tnt-qube/qube-ruby
qubell_api,0,1,0.0.2,3516,1,https://github.com/yurinnick/qubell-ruby-api
quber,49554.724,3,0.0.7,4413,1,https://github.com/tnt-qube/quber
qubitro-mqtt,2942.0982,11,0.0.11,15530,3,https://github.com/qubitro/mqtt-client-ruby
QubitSDK,0,1,8.0.0,845,0,
qubole,41021283.554,2,0.0.2,70838,0,https://github.com/Demandbase/qubole-ruby
qubole_rails_sql_views,3434.0565,3,0.10.3,15764,0,http://activewarehouse.rubyforge.org/qubole_rails_sql_views
qubole-redis-rails,0,1,5.0.2,2184,0,http://redis-store.org/redis-rails
qubole-statsd-instrument,32516636.276,3,2.1.6,78884,562,https://github.com/Shopify/statsd-instrument
quby,3768235.105580645,32,5.6.3,58746,0,http://www.roqua.nl
quby-compiler,3060363.880363636,34,0.5.9,37539,0,https://gitlab.roqua.nl/roqua/quby-compiler
quby-mongoid,8920044.4046,6,2.3.1,14769,0,""
qu-cmdwrapper,5440888.397,4,1.0.7,10587,0,https://github.com/quwubin/qu-cmdwrapper
qudea,0,1,0.0.1,3505,0,https://github.com/muhammetdilek/qudea
qu-delayed,56992.901,2,0.1.4.2,7286,1,https://github.com/imomoisoft/qu-delayed
que,6031798.873634616,53,2.3.0,2476618,2286,https://github.com/que-rb/que
quebert,9265370.192,30,3.3.0,83985,36,https://github.com/polleverywhere/quebert
quecto_calc,129897.23000000001,3,0.2.0,1052,0,https://github.com/8bit-mate/quecto_calc.rb/
queen,0,1,0.0.1,3582,0,""
queenbee,21424080.82033333,13,1.5.1,17304,2,https://github.com/olimart/queenbee-ruby
queenbee-plugin,12.1735,3,90002.0,5668,0,
queencheck,375320.869,7,1.0.0,22219,24,https://github.com/rosylilly/QueenCheck
Queen_Of_Diamonds,2.0,2,0.4,11880,0,
queenshop,671957.7272222223,10,0.1.1,20486,0,http://rubygems.org/gems/queenshop
queight,0,1,0.12.0,5264,2,http://github.com/JonathonMA/queight
quelink-mg,2885044.77075,5,0.4.0,1858,0,
que-locks,28137588.683333334,4,0.4.1,53456,0,https://github.com/superpro-inc/que-locks
que_mailer,1713583.186,2,0.0.2,7695,2,http://github.com/prehnra/que-mailer
quench,0,1,0.0.1,3664,0,https://github.com/rjackson/quench
quentonc-jsdoc_helper,0,1,0.0.2,3261,0,http://github.com/quentonc/jsdoc_helper/tree/master
que-rails,0,1,0.0.1,3080,0,https://github.com/chanks/que-rails
quercle,0,1,0.0.1,4426,0,""
queri,682837.5369166667,13,1.0.3,31972,0,""
querier,9874930.71135294,18,0.4.2,27038,1,https://github.com/gedean/querier
queries_watch,29639436.304,2,0.1.1,26382,0,https://github.com/aki77/queries_watch
querifier,945233.5076666665,4,0.2.3,8487,0,https://google.com.ar
querii,76565.197,2,1.1.0,3984,1,https://github.com/justindoody/querii
querinator,454837.309,2,0.0.2,6897,0,http://robie1373.github.com/querinator
queris,0,1,0.8.1,2379,0,""
querkle,0,1,0.1.0,3027,0,https://github.com/greenbits/querkle
querly,5333381.2889642855,29,1.3.0,856863,244,https://github.com/soutaro/querly
querobolsa-bootstrap-sass,4770.390799999999,6,0.2.4,18258,0,http://github.com/thiagobrandam/querobolsa-bootstrap-sass
querrel,2348961.59875,5,1.4.0,22197,7,https://github.com/meritec/querrel
querty_gem,1122.195,2,0.1.1,622,0,
queru_btce,2021886.7777500001,5,1.0.5,8753,0,https://github.com/jorgefuertes/queru-btce
query,7134146.9043,11,0.1.29,25466,0,https://github.com/seoaqua/query
query_28io,1232.371,2,0.0.2,6157,0,http://rubygems.org/gems/query_28io
queryable,3107629.345666667,7,3.0.2,42944,42,https://github.com/ElMassimo/queryable
queryable_array,412567.637,2,0.0.1,9352,70,http://github.com/shuber/queryable_array
queryable_collection,73007810.84033333,4,0.4.0,13115,1,https://github.com/sealink/queryable_collection
queryable_hash,10343304.16875,5,1.0.0,11787,0,https://github.com/hopsoft/queryable_hash
queryable_logs,236665.19,2,0.1.1,538,0,https://github.com/blackblood/queryable_logs
queryable_pstore,159316.1729,11,0.0.11,18720,10,https://github.com/jacobsmith/queryable_pstore
queryable_with,0,1,0.1.0,4378,2,http://github.com/bguthrie/queryable_with
queryalize,0,1,0.0.1,4177,1,http://github.com/frestyl/queryalize
query-analyzer,0,1,0.1.1,9124,1,http://github.com/bratke/query-analyzer
querybuilder,4501132.519366667,31,1.2.3,102050,0,http://zenadmin.org/524
query_builder,828703.6666666666,4,0.0.4,10868,4,https://github.com/nepalez/query_builder
query_cache,9941461.282,2,1.1.1,6227,0,https://github.com/karnov/query_cache
query-composer,0,1,1.0.0,5325,165,http://github.com/jamis/query-composer
query_cop,141981.843,2,0.1.1,3370,0,
query_count,27252210.002,3,1.1.1,250237,38,https://github.com/rubysamurai/query_count
query_counter,18776974.129714288,8,0.2.4,13698,0,https://github.com/evertrue/query_counter
query_dam,536764.32325,5,0.2.0,12336,0,https://github.com/romankuznietsov/query_dam
query_delegator,0,1,1.0.0,2466,11,https://github.com/RichOrElse/query_delegator
query_diet,21675295.47317647,18,0.7.1,544111,246,https://github.com/makandra/query_diet
query_exec,4188.6182499999995,5,0.0.5,12168,0,https://github.com/vijikumar55/query_exec
query_filter,16494558.417636365,12,0.2.3,42917,9,https://github.com/psyipm/query_filter
query_filters,77569971.911,2,0.2.0,3352,0,https://github.com/kressh/query_filters.git
queryfy,1587255.6744,6,0.3.1,12580,0,https://github.com/Bonemind/Queryfy
querygazer,0,1,0.1.0,10928,2,https://github.com/udzura/querygazer
query_generator,0,1,0.1.0,2370,0,https://github.com/aimerald/query_generator
query_helper,3609130.0685277777,37,0.3.6,60326,8,https://github.com/patterninc/query_helper
querying,0,1,0.1.0,2008,0,https://github.com/joelvh/querying
query-interface-client,2804543.0912941177,18,1.3.5,43622,0,http://github.com/rs-dev/query-interface-client
query-interface-server,2974630.2223125002,17,1.2.3,41924,0,http://github.com/rs-dev/query-interface-server
queryitis,0,1,0.0.2,3607,0,""
queryjdbc,0,1,0.0.0,3042,0,http://rubygems.org/gems/queryjdbc
queryko,1658043.6367916667,25,2.0.9,42602,3,https://github.com/neume/queryko
query_layer-active_record,0,1,9001.0,1728,0,
querylet,46008143.438,3,1.2.0,2771,0,http://exampro.co
querylet-rails,2971179.583666667,4,1.3.0,7450,0,https://teacherseat.com
querylicious,6787313.469428571,8,0.5.0,13629,0,https://gitlab.com/huyderman/querylicious
query_limiter,28225.808666666668,4,0.1.3,7115,0,https://github.com/jkasaudhan/query_limiter_gem
query_matchers,21350456.749700002,11,0.0.11,24116,5,https://github.com/dasch/query_matchers
query_methods_extend,255557.68316666665,7,1.0.1,17314,0,""
query-nyc,0,1,0.0.1,4291,0,""
query_optimizer,926560.9446666668,7,0.1.4.1,14949,2,https://github.com/akshaygoyal88/query_optimizer/blob/master/lib/query_optimizer.rb
queryparams,70618.6725,3,0.0.3,98013,0,""
query_params,78410.68666666668,10,1.4.5,23146,1,https://github.com/willmiranda/query_params
queryparser,0.0,2,1.0.1,8360,0,http://queryparser.rubyforge.org
query_police,2654119.7094,6,0.1.6.beta,1404,0,https://github.com/strikeraryu/query_police.git
query_relation,265185.738,2,0.1.1,219740,5,https://github.com/ManageIQ/query_relation
query_report,922967.7893617022,48,1.2.1,120088,0,http://ashrafuzzaman.github.io/query_report
query_response,0,1,9001.0,1636,0,
query_response-active_record,0,1,9001.0,1625,0,
query_result_presenter,0,1,0.0.1,3685,0,https://www.github.com/paperless-post/query_result_presenter
query_reviewer,7382439.16090909,12,0.2.2,1105911,559,https://github.com/nesquena/query_reviewer
query_rule_engine,79818.978,2,0.1.1.beta,529,0,https://github.com/strikeraryu/query_rule_engine.git
query_set,0,1,0.0.0,2125,0,https://github.com/sirscriptalot/query_set
query_storage,8855.654,2,0.0.2,4230,0,https://github.com/adebadayo/query-storage
querystring,0,1,0.1.0,2087816,14,http://github.com/dokipen/ruby-querystring
query_string,462.565,2,1.0.1,6833,0,https://github.com/AlexWayfer/query_string
query_string_filter,2417018.371333333,7,0.1.6,25232,2,http://github.com/djsun/query_string_filter
query_string_interface,13199296.985199999,11,0.6.3,31462,0,""
query_string_parser,6800617.088,2,0.1.1,8144,15,http://github.com/dj2/query_string_parser
query_string_search,3210350.94275,5,0.0.7,11857,7,https://github.com/umn-asr/query_string_search
query_syntax,7753096.966,5,1.0.5,13814,0,https://github.com/JonathanSerafini/gem-query_syntax
query_trace3,1119.596,2,0.1.1,10502,0,https://gist.github.com/1942451
query_tracer,6913133.890666666,4,0.1.0,14887,4,http://github.com/daemon/query_tracer
query_trace-rails-3,0,1,0.1.1,4005,0,http://github.com/ffmike/query_trace/tree/master
query-trace-summary,2892173.893,2,0.0.2,3829,0,https://github.com/mveiskats/query-trace-summary
query_track,12038633.191916667,13,0.0.14,213321,290,https://github.com/kirillshevch/query_track
query_trail,0,1,1.0,3707,22,https://github.com/route/query_trail
ques,0,1,0.0.1,3078,0,http://rubygems.org/gems/ques
quesadilla,1981506.879,4,0.1.3,13190,143,https://github.com/soffes/quesadilla
que-scheduler,3908138.000076923,53,5.1.0,721811,112,https://github.com/hlascelles/que-scheduler/
queso-daemon-kit,0,1,0.1.7.10,3222,0,http://kit.rubyforge.org/daemon-kit/rdoc/
quest,3500329.8191666664,7,1.2.2,15059,0,""
quest_back,36245546.5585,3,0.0.3,7910,1,https://github.com/Skalar/quest_back
question,779649.1506666667,4,0.2.2,9730,2,https://github.com/probablycorey/question
questionable,0,1,0.1.0,4189,18,http://github.com/injekt/questionable
questionable_answers,0,1,0.2.4,3256,11,https://github.com/bespokepost/questionable
questionable_surveys,3480835.338,8,0.3.2,22025,11,https://github.com/bespokepost/questionable
question_chain,1797018.886,2,0.0.2,7228,0,""
question_compiler,0,1,0.0.0,2537,0,
questiongenerator,64280055.1145,5,1.1.0,9771,5,https://github.com/retrospring/questiongenerator
questioning_alex,31659.8975,3,0.1.1,7502,0,""
questioning_authority,0,1,0.0.1,3515,54,https://github.com/projecthydra/questioning_authority
question_mark_methods,0,1,0.0.1,3629,0,https://github.com/poiyzy/QuestionMarkMethods
questionnaire,0,1,0.0.2,4163,0,http://projects.mindelevation.de/questionnaire/browser
questionnaire_engine,0,1,0.1,3855,28,https://github.com/dr-click/Questionnaire
questionpro_rails,212966.40216666667,13,0.1.8,20659,3,https://github.com/AssemDeghady/questionpro_rails
questions,8106584.7905,3,1.0.3,8837,1,https://github.com/DSIW/questions
question-simpleChoice,0,1,0.0.1,3156,0,http://www.creaexamen.com
questrade_api,556872.2025,7,1.2.0,12379,2,https://github.com/brunomeira/questrade_api
questrade_client,57658.642,3,0.0.3,5920,4,https://github.com/dalehamel/questrade_client
quests,0,1,0.1.0,2208,0,https://github.com/elsoul/quests
quest_search,144370.3058888889,10,1.0.1,31364,0,http://github.com/fredriksundstrom/quest
que_tal_rodrigofigueroa,290.785,2,0.2.0,5027,0,http://www.rubygems.org/gems/que_tal_rodrigofigueroa
que-testing,30201207.368499998,3,0.2.0,123049,8,https://github.com/statianzo/que-testing
quetzall-cloud_cache,2.22725,9,1.2.3,21268,0,http://github.com/quetzall/cloud_cache/
queue_bundle,19899.333,2,0.0.2,7201,0,""
queue-bus,10272962.061999999,22,0.13.2,772721,0,""
queue_classic,6853637.32776923,53,4.0.0,779724,1193,https://github.com/ryandotsmith/queue_classic
queue_classic_admin,2872120.40565,21,0.2.5,53482,23,https://github.com/rainforestapp/queue_classic_admin
queue_classic_batches,605308.335,2,0.0.2,5742,0,""
queue_classic-later,7041373.839833333,7,0.3.0,43557,12,https://github.com/dpiddy/queue_classic-later
queue_classic_matchers,32356956.230714288,8,1.1.0,107724,2,https://github.com/rainforestapp/queue_classic_matchers
queue_classic_pg2,168.738,2,3.2.1,3260,0,https://github.com/PatrickLef/queue_classic
queue_classic_plus,15818253.112611111,19,1.1.0,102964,4,https://github.com/rainforestapp/queue_classic_plus
queue_client,0,1,1.0.0,4431,0,https://github.com/viki-org/queue-client
queued,915045.0185,3,0.0.3,10260,0,https://github.com/rares/queued
queue_ding,15820936.174285714,8,0.1.6,17016,1,https://github.com/flajann2/queue_ding
queue_dispatcher,3905268.75724,26,2.5.3,70369,3,https://github.com/InWork/queue_dispatcher
queued_mail,3376263.3119999995,12,0.2.9,34301,0,https://github.com/uzuki05/queued_mail
queued-ruby,121420.03600000001,3,0.1.2,8497,1,https://github.com/scttnlsn/queued-ruby
queued_state_machine,9693.905,2,0.0.1,3474,0,https://github.com/robfors/ruby-queued_state_machine
queue_fetcher,0,1,0.1.0,4498,0,http://github.com/otherinbox/queue_fetcher
queuehash,0,1,0.1.0,5099,0,http://queuehash.rubyforge.org/
queueing_proxy,5574580.94875,9,0.0.9,29689,4,http://github.com/joshbuddy/queueing_proxy
queueing_rabbit,3837069.594782609,24,0.6.2,64874,9,https://github.com/temochka/queueing_rabbit
queue_it,18862619.868466668,16,4.0.0,34384,8,https://github.com/gfish/queue_it
queueit_knownuserv3,18848242.091285713,8,3.7.1,80032,0,https://www.queue-it.com/
queue_kit,26311468.738666665,4,0.0.10,11035,11,https://github.com/technoweenie/queue_kit
queuel,7358886.272583333,13,0.4.8,35650,3,http://github.com/sportngin/queuel
queue_lite,0,1,0.1.0,228,0,https://github.com/adam12/queue_lite
queue_manager,24026522.209,2,2.0.0,5217,1,https://github.com/mgrachev/queue_manager
queue-manager,0,1,0.0.0,2558,0,https://github.com/rajn-webonise/RubyAssignments
queue_map,6576681.408,7,0.7,23805,1,http://github.com/leadtune/queue_map
queue-processor,602967.635,2,0.0.9,4074,0,https://github.com/GoodMeasuresLLC/queue-processor
queuery_client,11783080.835099999,11,1.1.5,65782,1,https://github.com/bricolages/queuery_client
queues,340915.325,2,0.1.0.beta,1671,0,https://github.com/LapoElisacci/queues.git
queues-rabbit,467089.9515,3,0.1.0.beta.1,2465,0,https://github.com/LapoElisacci/queues-rabbit.git
queue_sync,17988428.36175,5,0.1.4,10859,0,https://github.com/ktaragorn/queue_sync
queue_time_statsd_reporter,0,1,1.0.0,268164,0,https://github.com/rubytune/queue_time_statsd_reporter
queue_to_the_future,2317905.7965,3,0.2.1,12721,0,http://github.com/quixoten/queue_to_the_future
queue_worker,176363.84033333333,7,3.0.0,16412,0,https://github.com/ridiculous/queue_worker
queuewrangler,2950719.595,2,1.1.0,5806,0,""
que-unique,13931414.863666667,4,1.1.0,99575,2,https://github.com/bambooengineering/que-unique
que_view,16442845.584,2,0.0.2,5455,0,https://github.com/tasboa/que_view
que-view,1304575.8921,11,0.3.5,3612,2,https://github.com/kortirso/que-view
que-web,11511849.222545454,23,0.10.0,513301,88,https://github.com/statianzo/que-web
qu-exceptional,4573855.017,6,0.2.0,19544,507,http://github.com/bkeepers/qu
qui,693185.1086666667,4,0.9.0,11264,0,https://github.com/CTA/qui
qui-automatic-form-required-fields,166132.8575,3,0.0.3,10960,0,http://q.saepia.net
quic_cms,274525.4764166667,13,0.1.4,40711,0,http://github.com/quicsys/quic_cms
quick,19482.996666666666,4,0.2.2,10445,0,http://rubygems.org/gems/quick
quick_and_ruby,75556982.223,3,0.4.0,3415,0,https://github.com/ttych/quick_and_ruby
quick_api,449777.2855,5,0.0.5,12930,0,""
quick-api,0,1,0.0.1,3333,0,""
quickapps_feedback,875.4366,6,0.1.5,14503,0,""
quick_attr,648.6216666666667,4,0.0.4,14221,1,http://github.com/dominictarr/quick_attr
quick_auth,0,1,0.0.10,4068,0,""
quickbase,14939076.384499999,13,0.1.0,171550,4,https://github.com/kalinchuk/quickbase
quickbase_client,11187646.68972,26,1.0.26,132797,9,https://github.com/garethlatwork/quickbase_client
quickbase_client_groups,473.837,2,0.1.3,4727,0,https://github.com/aust1nz/quickbase_client
quickbase_logger,8772258.25925,5,1.1.0,10322,1,https://github.com/cullenjett/quickbase_logger
quickbase_record,1779089.801777778,28,0.6.1,61860,1,https://github.com/cullenjett/quickbase_record
quick_benchmark,0,1,0.0.1,3419,0,http://github.com/aj0strow/quick_benchmark
quickblox,288647.36399999994,3,0.2,11790,0,http://quickblox.com/
quick_blox,7372751.836666666,4,0.1.3,7559,1,https://github.com/mskubenich/quick-blox
quickblox_api,0,1,0.1.0,2879,1,https://github.com/abscondite/quickblox_api
quickblox-rb,380210.5516,6,0.1.5,13386,0,https://github.com/properati/quickblox-rb
quickbook,50496.185,3,0.1.2,4556,0,https://qbo.intuit.com/
quick_book_gateway,45788979.662999995,4,0.0.7,8410,0,https://github.com/KunalLalge/quick_book_gateway
quickbooks,2124347.543,8,1.0.2,29004,0,""
quickbooks_api,4091785.8137272727,12,0.1.7,39224,0,http://github.com/skryl
quickbooks-payments,1053100.042,3,0.0.9,7077,2,https://github.com/danielma/quickbooks-payments
quickbooks-ruby,4820840.389343284,68,2.0.3,3170412,369,http://github.com/ruckus/quickbooks-ruby
quickbooks-ruby-base,23033535.973875,9,2.1.0,50017,6,https://github.com/minimul/quickbooks-ruby-base
quickbooks-ruby-oauth2,80588.80833333333,4,0.6.1.3,6461,0,http://github.com/ksob/quickbooks-ruby
quickbooks-sinatra-app,535310.6965,3,0.0.4,7435,1,https://github.com/pickle27/quickbooks-sinatra-app/
quickbooks_web_connector,10476906.077352941,18,0.8.0,41463,6,https://github.com/cgunther/quickbooks_web_connector
quick-bundler,0,1,0.0.3,4384,1,http://github.com/alexmchale/quick-bundler
quick_captcha,0,1,3.2.0,3984,0,http://tnsolutionsinc.com
quick_cert,0,1,2.0,5539,0,""
quickchart,20448579.71975,5,1.2.1,76452,11,https://github.com/typpo/quickchart-ruby/
quick_cipher,0,1,0.0.1,4049,1,http://github.com/PatrickTulskie/quick_cipher
quickcite,3680786.8241250003,9,1.0.8,26022,0,""
quick_class,475.75066666666663,4,1.0.3,6395,0,http://github.com/maxp-edcast/quick_class
quick_clone,827.1675,3,1.0.2,5682,4,https://github.com/d3sw/quick_clone
quick_codes,48152.756,4,0.1.3,9280,1,https://github.com/adillera/quick_codes
quick_config,0,1,0.0.1,3702,0,https://github.com/kreso/quick_config
quickconnect,0,1,1.1.0,4312,0,http://github.com/dcwalker/quickconnect
quick_copyright_text,3470.558,2,0.1.1,3750,0,https://github.com/markmead/quick_copyright_text
quick_count,8679977.718799999,11,0.1.2,24628,16,https://github.com/TwilightCoders/quick_count
quickdata_generator,0,1,0.1.0,2626,0,https://github.com/jrobertson/quickdata_generator
quick-debug,2174233.8649999998,7,0.1.2,20201,0,""
quickdraw,79708297.645,5,0.1.0,10942,114,https://github.com/joeldrapper/quickdraw
quick_dry,3112535.3109999998,5,0.1.1.0,11971,0,https://github.com/jnathanh/quick_dry
quickeach,40237.715,3,0.3.0,4877,0,https://github.com/CroneKorkN/ruby-quickeach
quickeebooks,2223657.9494333332,31,0.1.23,88939,79,http://github.com/ruckus/quickeebooks
quickemailverification,65257673.49566666,4,1.0.4,28671,0,https://github.com/quickemailverification/quickemailverification-ruby
quicken,319804.55,3,0.0.3,11171,4,http://github.com/danielvlopes/quicken
quicken-git,0,1,0.1.0,2589,0,https://github.com/quicken-rb/quicken-git
quickening,0,1,0.1.1,3714,0,https://github.com/caleon/quickening
quicken_parser,169702.506,2,0.2.1,5631,21,http://github.com/francois/quicken_parser
quicken-ruby,0,1,0.1.1,2600,0,https://github.com/quicken-rb/quicken
quicker,2966351.514,7,0.0.6,12866,0,https://github.com/adammcc/quicker
quickery,882808.7982222221,10,1.3.1,14808,3,https://github.com/jrpolidario/quickery
quick-etl,0,1,0.1.0,4460,0,http://rubyforge.org/projects/quick-etl/
quickets,0,1,0.1.0,2963,0,http://github.com/adz/quickets
quick_exam,0,1,1.0.0,2027,10,https://github.com/rubykachu/quick_exam/tree/master
quickey_ruby_sdk,4424726.8558,6,0.1.5,8675,0,https://docs.getquickey.com/ruby-sdk
quick_faker,22276.609500000002,3,0.2.1,2220,0,https://github.com/jrobertson/quick_faker
quick_file,2231512.801,5,1.2.0,15801,0,""
quickfilter,0,1,0.1.0,2033,0,https://github.com/rcpedro/quickfilter
quickfix_formatter,0,1,0.1.0,464,0,https://www.github.com/ckolkey/quickfix_formatter
quickfix-jruby,31755822.75,5,1.6.5,40131,4,http://github.com/connamara/quickfix-jruby
quickfix--jruby,0,1,1.7.0.1,2802,4,http://github.com/connamara/quickfix-jruby
quickfix-jruby-fix44,639.171,2,1.5.2.2,5196,0,http://github.com/dereka/quickfix-jruby
quickfix_ruby,56525740.720000006,3,1.15.1,8793,0,http://www.quickfixengine.org
quickftp,0,1,0.1.0,2976,22,https://github.com/alfonsocora/quickftp
quickgraph,0,1,3.3.50603.0.20100822,4632,0,http://quickgraph.codeplex.com/SourceControl/list/changesets
quickid,1403.875,2,1.0.0,2753,0,https://github.com/IceTimux/quickid
quickie,130181.3985,3,0.3.0,10260,16,http://github.com/michaeldv/quickie
quickie_motion,0,1,0.1.0,3867,1,http://github.com/michaeldv/quickie_motion
quickl,4524625.956875,9,0.4.3,70753,49,https://github.com/blambeau/quickl
quicklog,171458.416,5,0.2.0,13632,2,http://github.com/Florent2/quicklog
quick_look,0,1,0.1.0,3228,0,https://github.com/arronmabrey/quick_look
quick_luhn_ruby,0,1,0.1.0,146,0,https://github.com/bilashsaha/luhn_ruby
quick_magick,2604232.301733333,16,0.8.0,138802,0,http://quickmagick.rubyforge.org/
quick_magick_hooopo,0,1,0.8.1,4165,0,http://quickmagick.rubyforge.org/
quickmail,1057083.390888889,19,0.22.0,25346,0,https://github.com/Subamplify/quickmail
quick_mem,293119.14749999996,5,0.0.5,11482,0,https://github.com/rajivrnair/quick_mem
quickmox,4509916.055000001,12,0.2.8,24716,0,https://github.com/jkvalk/quickmox
quickmug,33635252.958,2,0.0.5,6042,7,https://github.com/Kelsin/quickmug
quicknap,383.618,2,0.0.2,4125,0,https://github.com/josetapadas/quicknap
quick_note,0,1,0.0.1,2059,0,https://rubygems.org/gems/quick_note
quick_openai,11114858.334,4,0.1.3,2351,8,https://github.com/Aesthetikx/quick_openai
quickpay-ruby-client,23354410.614,11,3.0.2,119623,5,https://github.com/QuickPay/quickpay-ruby-client
quickpep,3128081.0056,11,0.3.1,7317,0,https://github.com/jrobertson/quickpep
quickpod,0,1,0.0.3,2558,0,https://rubygems.org/gems/HamGuy15
quickpress,276592.6085,5,0.3.0,13445,0,http://quickpress.alexdantas.net/
quick_queue,0,1,0.1.2,4440,2,http://github.com/marcinbunsch/quick_queue
quick_random_records,10896470.69325,5,0.3.2,28478,45,https://github.com/haopingfan/quick_random_records
quick_response,9433.987,4,0.2.4,13410,0,""
quickroute,1302.277,3,0.1.2,10039,1,https://github.com/jarkko/quickroute-ruby
quick-rspec,261268.3224,6,0.1.9,10825,0,https://github.com/desofto/quick-rspec
quickruby,0,1,0.1.0,263,0,https://github.com/netoff/quickruby
quick-sampler,42745.29275,9,0.1.5,19955,1,https://github.com/praktijkindex/quick-sampler
quicksb2,0,1,0.1.0,2738,1,https://github.com/anchietajunior/quicksb2
quickscraper,0,1,0.1.0,1551,0,https://github.com/bhushankumarl/quickscraper-sdk-ruby
quick_scrapper,3278157.471,2,1.0.0,7436,0,http://bvsatyaram.com
quick_script,445098.3239387755,50,0.12.1,144301,0,""
quick_search,0,1,0.0.1,3960,0,http://worldalias.com
quick-search,113.449,2,0.9.0,10078,0,https://github.com/elementar/quick-search
quick_search-arxiv_searcher,0,1,0.0.1,3011,0,http://search.lib.ncsu.edu
quick_search-contentdm,0,1,0.1.0,3417,0,https://github.com/tulibraries/quick_search-contentdm
quick_search-core,14856877.3635,5,0.2.0,9788,0,http://www.github.com/ncsu-libraries/quick_search
quick_search-generic_theme,29696896.981999997,4,0.2.0,9029,0,http://search.lib.ncsu.edu
quick_search-open_library_searcher,0,1,0.0.1,3619,0,http://search.lib.ncsu.edu
quick_search-placeholder_searcher,0,1,0.0.1,3667,0,http://search.lib.ncsu.edu
quick_search-summon_searcher,0,1,0.0.1,2921,0,http://search.lib.ncsu.edu
quick_search-wikipedia_searcher,0,1,0.0.1,3510,0,http://search.lib.ncsu.edu
quick_serve,758388.15,2,0.4.0,7871,4,http://github.com/marcinbunsch/quick_serve
quickshare,0,1,0.0.1,4463,0,http://github.com/cmowforth/quickshare
quick_short,21783813.004,3,0.1.1,10420,0,http://seejohnrun.github.com/quick_short/
quick_shoulda,67623.46022222222,10,0.2.1,27294,0,https://github.com/nqtien310/quick_shoulda
quick_slug,0,1,0.0.0,3217,0,https://github.com/gibbonjj/quick_slug.git
quicksort,0,1,1.0.0,3200,0,http://rubygems.org/gems/quicksort
quick_sort,0,1,0.1.0,3203,0,https://rubygems.com/gems/quick_sort
quicksort_c,0,1,0.0.1,1205,0,https://github.com/leonkielstra/quicksort_c
quicksort_median_of_three,0,1,1.0.1,3029,0,https://github.com/IuliiaKot/quicksort_median_of_three
quickstand,173990.1724,16,0.1.15,21978,0,https://bitbucket.org/khanduri/quickstand
quickstart,26717241.271333337,4,0.8.11,9109,0,https://github.com/colstrom/quickstart
quick_start,4344693.185333333,4,0.3.2,14597,0,""
quick_state,0,1,0.1,15332,1,https://github.com/ericmason/quick_state
quickstats,75164708.94833334,4,2.2.2,10226,0,https://bitbucket.org/paul_j_sanchez/quickstats
quick_store,54711539.90133333,4,1.0.0,9112,1,https://github.com/daigaku-ruby/quick_store
quickstrings,93320.147,2,0.1.1,4914,13,https://github.com/C4mz0r/quickstrings
quicksuite,205.911,2,1.0.2,5324,0,http://www.github.com/DrRobotmck/quicksuite
quicksync,14134.822,4,0.0.7.2,12202,0,""
quicktable,0,1,0.0.1,3029,0,http://www.invetek.nl
quick_target,2045.117,2,0.0.1,4702,0,http://rubygems.org/gems/quick_target
quick-templater,900694.3485,3,0.0.8,8253,0,http://github.com/jurrick/quick-templater
quicktest,0.1,11,0.6.1,38541,0,http://quicktest.rubyfore.org/
quick_test_runner,387.29499999999996,3,0.0.3,10870,0,""
quicktime-player-mac,0,1,0.0.1,4370,4,http://github.com/shokai/quicktime-player-mac
quicktravel_client,6189338.261897436,40,4.7.0,72533,0,https://bitbucket.org/team-sealink/quicktravel_client
quick_utils,1398978.9131666666,7,0.2.2,21329,0,""
quicky,2804013.5645,7,0.4.0,66352,1,https://github.com/treeder/quicky
qui-common-helpers,1085488.6574000001,6,0.0.8,20953,0,http://q.saepia.net
quid,0,1,0.0.1,3776,0,https://github.com/noxgirl/quid
quidax,0,1,0.1.0,182,2,https://github.com/aremu-smog/quidax-ruby
quiescent,0,1,0.1.1,4085,1,http://github.com/willb/quiescent
quiet_assets,21716433.467,5,1.1.0,17702016,1418,http://github.com/evrone/quiet_assets
quietbacktrace,0.1,11,0.1.1,42789,0,
quiet-comic,295291.709,8,0.2.6,12599,6,https://github.com/tjjjwxzq/quiet-comic
quiet_down_rake,0,1,0.0.1,3747,0,https://github.com/bretts/quiet_down_rake
quiet_logger,0,1,1.0.0,582684,1,https://github.com/bdurand/quiet_logger
quietly,0,1,1.0.3,2285,0,https://github.com/tripl3dogdare/quietly
quiet_quality,1365189.2215833333,13,1.5.0,14053,7,https://github.com/nevinera/quiet_quality
quiet_rails_logger,1808831.746,5,0.0.5,11952,1,https://github.com/skrinits/quiet_rails_logger
quiet_routes,65492.297,2,0.0.2,11982,0,https://github.com/yusuket/quiet_routes
quiet_safari,0,1,1.0.0,136378,17,https://github.com/davidcelis/quiet_safari
quietus,29016.444666666666,4,1.1.1,10516,0,https://github.com/kenoir/quietus
qui-index-table,2941784.4631666667,7,0.0.9,24122,0,http://q.saepia.net
quiiq,4983.628,2,0.0.2,6981,1,https://github.com/gamafranco/quiiq
quijotipsum_api,355.644,2,0.2,7158,1,http://github.com/vicentereig/quijotipsum_api
quik,24092836.041285716,8,1.0.0,17104,34,https://github.com/quikstart/quik
quik-chat,0,1,0.1.0,2382,0,https://github.com/kigster/quikchat
quikr,0,1,0.1.1,2120,0,https://jagadeesh.me
quik_start,9849.045777777777,10,0.0.11,27225,0,https://github.com/ballantyne/quik_start
quill,0,1,0.1.0,3655,4,http://github.com/timcowlishaw/quill
quill-api-client,695148.4841111111,10,0.2.0,24898,0,https://github.com/empirical-org/quill-platform
quill-builder,0,1,0.0.1,4024,0,https://github.com/space-pirates-llc/quill-builder
quill-editor-rails,17706447.538000003,3,0.1.2,38883,0,https://github.com/yanzijun/quill-editor-rails
quilljs-rails,1270056.6113333334,4,0.0.4,98335,0,https://www.github.com/abhinavmathur/quilljs-rails
quill-js-rails-adnan,3600.948,2,0.0.2,3051,0,https://rubygems.org/gems/quill-js-rails-adnan
quill-rails,674273.39,7,0.1.4,45250,27,https://github.com/the-robear/quill-rails
quill-rails5,0,1,1.1.3,2227,12,https://github.com/paul-at/quill-rails5
quilt,20864613.903125,9,0.1.0,30924,54,https://github.com/swdyh/quilt
quilted-harvested,36048.216499999995,3,0.3.3,10899,2,http://github.com/quilted/harvested
quilt_rails,2514845.02,37,3.5.6,515994,1657,https://github.com/Shopify/quilt/tree/main/gems/quilt_rails
quilt_ui,532324.9201666667,7,0.0.7,15636,0,
quimby,1036051.546875,9,0.4.5,42009,96,https://github.com/groupme/quimby
quince,273233.52441666665,13,0.6.1,16449,5,https://github.com/johansenja/quince
quince_sinatra,324612.4205,5,0.1.4,6772,0,https://github.com/johansenja/quince_sinatra
quincunx,0,1,0.0.1,3689,4,http://github.com/rsslldnphy/quincunx
quincy,0,1,0.4.0,4092,1,http://github.com/levinalex/quincy
quine_mc,0,1,0.0.3,4033,0,""
quinn-ruby-svg,2.1784999999999997,3,0.1.1,7815,2,http://github.com/quinn/ruby-svg
quinoa,3864528.500166666,13,0.0.13,25830,2,http://github.com/camiloribeiro/quinoa
Quintero_view_tool,0,1,0.1.0,2092,0,https://devcamp.com
quintly,318.14799999999997,4,0.1.3,9024,3,https://github.com/chorally/quintly
quintocumber,3705574.9711999996,11,3.0.0,18279,0,https://github.com/quintoandar/quintocumber
quintus-example-gem,0,1,0.0.1,3889,0,http://example.org
quintus_palindrome,1046.424,2,0.2.0,883,0,https://github.com/quintus-st/quintus_palindrome
quintype,6463056.872733334,16,0.0.15,39673,0,http://rubygems.org/gems/quintype
quintype-api,1410208.890625,9,0.2.2,18522,0,https://github.com/quintype/quintype-api-ruby
quintype-liquid,625105.4728571428,8,0.1.9,22998,0,https://github.com/quintype/quintype-liquid
quintype-routes,4645896.594166666,7,0.1.7,24394,0,https://github.com/quintype/quintype-routes
quintype-seo,55724834.583,2,0.0.2,5703,0,https://github.com/quintype/quintype-seo-ruby
quip,0,1,0.1.0,4154,10,https://github.com/jacamat/quip-ruby
qui-pagination,17649915.478,2,0.0.2,7523,0,http://q.saepia.net
quiper,0,1,0.0.1,2590,0,http://rubygems.org/gems/quiper
quipper-rubocop-config,6853606.342,6,0.1.5,12934,0,
Quipu,0,1,0.1.0,2290,0,https://github.com/DanielArturoAlejoAlvarez/Quipu
quiq,876648.767,2,0.2.0,3452,32,https://github.com/sailor/quiq
quir,1118248.0771249998,9,0.2.6,19197,0,https://github.com/mosop/quir
quirc,19950797.283499997,7,0.2.0,375402,9,https://github.com/middagj/quirc-ruby
quirc-rb,222.169,2,0.1.1,3210,0,https://github.com/songjiz/quirc-rb
quirk,20465965.101749998,5,0.0.6,14548,5,https://github.com/hughbien/quirk
quirkey-gembox,2.5112857142857146,8,0.2.1,19111,50,http://github.com/quirkey/gembox
quirkey-imanip,0,1,0.1.4,3278,0,http://quirkey.rubyforge.org
quirkey-purse,0,1,0.1.1,3225,0,http://quirkey.rubyforge.org
quirkey-qadmin,2.0532,6,0.2.3,14565,28,http://github.com/quirkey/qadmin
quirkey-restful_query,1.768,2,0.3.0,5520,0,http://code.quirkey.com/restful_query
quirkey-sinatra-gen,1.86,6,0.4.0,14615,146,http://github.com/quirkey/sinatra-gen
quirkey-static_model,2.082,2,0.2.1,5478,0,http://quirkey.rubyforge.org
quirkey-vegas,1.8841666666666665,7,0.1.0,16787,0,http://code.quirkey.com/vegas
qui-tabs,1727847.524,3,0.0.3,11117,0,http://q.saepia.net
qui-toolbar,2520910.244,5,0.0.5,17619,0,http://q.saepia.net
quiver,0,1,0.21.0,2977,0,
quiver_note,11987066.666333333,4,0.0.7,7447,2,https://github.com/kuboon/quiver
quiversbrew,0,1,0.1.2470993,1824,0,""
quiverstaskrunner,4086283.3168055555,37,0.1.2492472,76939,0,""
quiver_toolbox,2324958.578,2,0.2.0,3890,0,https://github.com/masainox/quiver_toolbox
quivjek,6145179.0558,6,0.0.7,10655,7,https://github.com/benbjurstrom/quivjek
quixote,35218455.3115,3,0.2.0,18514,3,https://github.com/nextmat/quixote
quixoten-craigler,1.8433333333333335,4,1.2.1,10012,22,http://github.com/quixoten/craigler
quixoten-puppetdb-terminus,1768878.923804878,42,4.3.0,137354,2,https://github.com/quixoten/puppetdb-terminus
quiyo,2728266.7535,3,0.2.2,10198,0,http://github.com/crshd/quiyo
quiz,27331194.7346,6,0.2.1,17308,1,https://github.com/jrobertson/quiz
quiz_api_client,3748678.1715666666,61,4.15.0,153681,0,
quiz_broker_client,341815.401,2,0.2.0,1335,0,
quiz_dsl,1488.818,2,0.1.0,5385,0,""
quizgame,6673140.70775,5,0.0.4,15148,2,http://github.com/ippei94da/quizgame
quizHanielMaria,0,1,0.0.1,3195,0,https://github.com/alu4421/LPP_T_7B_P11
quizkarenjose,0,1,0.0.1,3230,0,""
quizlet-ruby,0,1,0.0.1,3804,0,http://www.mattduvall.com
quiz_master,806542.844,3,0.0.3,8022,0,https://github.com/mikestok/quiz_master
quiz_proctor_engine,3322988.3431666666,7,1.3.1,12350,0,""
quizzer,3108853.6335,3,0.1.9,7713,0,http://bitbucket.org/adrian_cm/quizzer-ruby
quizzes,4555.383,2,0.1.1,4759,0,https://github.com/fredmp/quizzes.git
quizzy,0,1,0.3.3,4251,0,http://github.com/jacobat/quizzy
qujo,35181.90325,5,0.1.4,13672,0,http://github.com/shawncatz/qujo
quke,3797115.14035,21,0.10.0,34536,6,https://github.com/DEFRA/quke
quke_demo_app,78325.632,3,0.2.0,5573,0,https://github.com/DEFRA/quke-demo-app
qu_mailer,48113483.379,2,0.2.0,6773,2,https://github.com/pootsbook/qu_mailer
qu-mailer,0,1,1.0.0rc1,2332,0,https://github.com/yabawock/qu-mailer
qu-mfeindex,2056594.2316,6,1.1.4,15030,0,https://github.com/quwubin/qu-mfeindex
qu-mongo,4573854.0942,6,0.2.0,24809,507,http://github.com/bkeepers/qu
qu-mongoid,27869494.439,3,0.2.2,15066,1,http://github.com/dwbutler/qu-mongoid
quna,0,1,0.0.2,2133,0,
qunar,1100026.0586875,17,0.1.45,39338,0,""
qunar-ota,1916.544,2,0.1.1,3965,0,https://github.com/iefsou/qunar-ota
qunit-cli-runner,0,1,0.0.1,3810,0,""
qunited,2815369.7475714283,15,0.5.3,43938,5,https://github.com/aaronroyer/qunited
qunited-rails,39393494.691,2,0.1.0,6765,2,https://github.com/aaronroyer/qunited-rails
qunit_for_rails,16520.95275,5,0.0.9,16348,3,https://github.com/ehelms/qunit_for_rails
qunit-rails,8710044.391166667,7,0.0.7,213689,51,https://github.com/frodsan/qunit-rails
qunit-runner,4232113.561,2,0.0.2,5580,0,""
qunit-selenium,0,1,0.0.4,424228,0,https://github.com/smontanari/qunit-selenium
quo,4635112.271111111,10,0.6.0,3226,1,https://github.com/stevegeek/quo
quoine_client,9406517.893,3,0.3.0,5549,0,https://github.com/imacchiato/quoine_client-ruby
quoinex,1164901.1626666666,4,0.2.1,6599,1,https://github.com/heelhook/quoinex
quokka,0,1,0.1.0,2576,0,http://github.com/tomkr/quokka
quokkadb,1482323.249,7,1.2.0,230775,0,http://rubygems.org/gems/quokka
quorable,76297.97016666667,7,0.1.8,18259,0,http://github.com/O-I/quorable
quora-client,181333.745,4,0.1.2,14089,3,http://github.com/juandebravo/quora-client
quora_notify,101814.1006,6,0.0.14,16941,0,http://github.com/joeycarmello/QuoraNotifier
quora-webdriver,100332.96100000001,4,0.1.4,9760,0,https://github.com/kratsg/quora-webdriver
quorum,2148171.8915625,17,0.8.2,50408,0,""
quorum_sdk,3724409.281,3,0.3.0,1108,2,https://github.com/an-lee/quorum_sdk
quotable,472.703,2,0.0.2,8176,0,""
quotation,0,1,0.0.0,3209,0,http://rubygems.org/gems/quotation
quotation-marks,20168280.53,3,0.2.0,16497,0,http://quotation-marks.org
quota_tracker_ruby,0,1,9001.0,2549,0,
quote,2784006.809,6,0.1.8,20636,3,http://github.com/tjbladez/quote
quote_box,0,1,0.1.0,2197,0,https://github.com/HaroonAzhar/quote-box-cli-app
quotefm,1973093.047,2,0.0.2,6990,2,http://github.com/mcrip/quotefm
quotejar,8420.641,3,1.0.2,7208,0,https://github.com/jtrudell/quotejar
quote_machine,270789.03853333334,16,0.2.5,26555,0,https://gitlab.com/chapmanchri/quote_machine
quotemeal,636.078,2,0.1.1,4206,0,https://github.com/kitlangton/quotemeal
quotemeal_test,0,1,0.1.0,2508,0,https://github.com/kitlangton/quotemeal
quotemedia,244568.39183333333,7,0.0.2,30107,4,https://github.com/cowmanifestation/quotemedia
quote-only,3805583.1575,5,1.0.3,11384,0,http://rubygems.org/gems/quote-only
quoter,0,1,0.0.2,2659,0,""
quotes,0,1,0.0.1,4249,3,https://github.com/nizardhamani/quotes
quotes500,0,1,0.1.1,2747,0,https://github.com/jj1100x/quotes500.git
quote-sql,121338.461625,9,0.0.9,1392,0,
quotes-rest,0,1,0.1,2051,0,https://github.com/filalex77/quotes.rb
quote_unquote,5064952.341,2,0.1.1,7531,1,https://github.com/junegunn/quote_unquote
quotewall,0,1,0.0.1,3575,1,https://github.com/mauromorales/quotewall
quotey,3688315.091,2,0.0.3,7115,1,https://github.com/psychocandy/Quotey
quoth,0,1,0.0.1,7695,0,""
quotifier,353084.19333333336,4,0.0.5,6622,2,https://github.com/almiche/quotifier_as_middleware
quotify,722518.6295,5,0.3.1,8378,3,https://github.com/jusleg/quotify-ruby
quotinator,118318.39033333333,4,0.1.0,12356,0,https://github.com/ERCubed/quotinator
quotr,0,1,0.0.1,3971,1,https://github.com/danhodge/quotr
quotypie,225.413,2,0.0.2,678,1,https://github.com/nashby/quotypie
quova,8985.756,3,0.0.3,13175,0,https://github.com/d11wtq/quova
quo_vadis,10403618.798078949,39,2.2.1,77800,31,https://github.com/airblade/quo_vadis
quovo,5061669.878733333,16,1.0.15,34266,7,https://github.com/CanopyFA/quovo-ruby
qup,18152450.683999997,4,1.4.1,12650,30,http://github.com/copiousfreetime/qup
qu-pcr,1687685.6486666666,10,1.0.12,24252,0,https://github.com/quwubin/qu-pcr
qu-rails,0,1,0.2.0,7724,507,http://github.com/bkeepers/qu
quran,0,1,0.0.1,3189,0,http://rubygems.org/gems/quran
qurd,40825655.4905,3,0.0.6,6906,0,https://github.com/Adaptly/qurd
quredis,16005.278,2,0.5.2,6900,0,http://github.com/cpatni/quredis
qu-redis,4573853.705399999,6,0.2.0,52242,507,http://github.com/bkeepers/qu
qu-scheduler,111145.8055,3,0.1.1,10515,0,https://github.com/yabawock/qu-scheduler
qu-seqcluster,0,1,1.0.0,3359,0,https://github.com/quwubin/qu-seqcluster
qusion,3393063.9941111114,10,0.2.0,37322,8,https://github.com/customink/qusion
qu-spec,38459.457,2,0.2.0,7171,0,https://github.com/yabawock/qu-spec
qutebrowser_url_mark,0,1,0.1.0,230,0,https://codeberg.org/gemmaro/qutebrowser-url-mark.git
qu-thermo,0,1,1.0.0,3349,0,https://github.com/quwubin/qu-thermo
qu-utils,1966100.0315,3,1.0.3,8113,0,https://github.com/quwubin/qu-utils
quvi,1230193.964,3,0.1.1,8577,4,https://github.com/avsej/quvi.rb
qv,272437.4954,6,0.1.1,15559,13,https://github.com/dhgwilliam/qv
qvem,0,1,0.0.1,3589,0,https://github.com/jbmyid/qvem
qvo,230963.95750000002,5,1.0.4,7646,0,https://github.com/fecabrera/qvo-client
qvod,0,1,0.1.1,4050,0,http://www.kuaibo.com
qwack,2777.226,2,0.1.1,1053,0,https://github.com/godric/qwack
qwandry,20069623.263142858,8,0.1.6,33651,332,http://github.com/adamsanderson/qwandry
QWebChannel,420706.913,5,2019.1.23,7647,0,http://rubygems.org/gems/QWebChannel
qweqwe,2388.013,2,0.0.1,5702,0,""
qwer,256961.3698,6,0.1.7,10767,0,https://www.baidu.com
qwerly,2425.998,2,1.0.0,7403,0,""
qwerly-ruby,839.419,2,0.0.2,7185,0,""
qwerty,10738968.47475,5,0.0.7.pre,11613,2,https://github.com/krisleech/qwerty
qwester,6602299.832333334,25,0.5.0,64822,21,https://github.com/reggieb/qwester
qwik2md,707391.6398,6,2.0.1,13142,1,https://github.com/mtsmfm/qwik2md
qwikdoc,0,1,0.0.1,5074,5,https://github.com/snoozer05/qwikdoc
qwiki,10738754.518666666,4,1.2.0,13848,0,http://github.com/balexand/qwiki
qwil_api,14371.5302,6,0.1.5,10815,0,https://github.com/qwil/ruby-api-client
qwinix_mysore,0,1,0.0.0,2887,0,http://rubygems.org/gems/test_mysore
qwirk,3703306.5840000003,7,0.2.4,22410,1,http://github.com/ClarityServices/qwirk
qwirk_active_mq_adapter,1799111.3329999999,4,0.2.1,14706,1,http://github.com/ClarityServices/qwirk_active_mq_adapter
qwirk_jms_adapter,2698710.6270000003,3,0.2.1,10661,1,http://github.com/ClarityServices/qwirk_jms_adapter
qwop_client,0,1,0.0.1,4982,0,""
qwrapper,6946535.209777777,10,0.0.10,23311,0,http://github.com/patelify/qwrapper
qwtf_discord_bot,768522.4454609375,129,6.3.1,187029,0,https://github.com/drzel/qwtf_discord_bot.git
qx,4105175.172,3,0.1.1,6156,0,https://github.com/jayrbolton/qx
qype-qype,0,1,0.1.0,3389,0,http://github.com/qype/qype
qypod,32024.099,2,0.1.2,3301,0,https://rubygems.org/profiles/bxyfighting
qyu,1575000.7866666669,4,1.1.0,8453,39,https://github.com/QyuTeam/qyu
qyu-queue-sqs,0,1,1.0.0,3523,0,https://github.com/FindHotel/qyu-queue-sqs
qyu-store-activerecord,1375319.842,2,1.0.1,5172,1,https://github.com/FindHotel/qyu-store-activerecord
qyu-store-redis,0,1,0.1.0,2202,0,https://github.com/FindHotel/qyu-store-redis
qy_wechat,3631251.492,3,1.0.1,7796,41,https://github.com/lanrion/qy_wechat
qy_wechat_api,0,1,1.0.0.beta1,2448,58,https://github.com/lanrion/qy_wechat_api
qywechat-notifier,3632214.785,3,0.4.0,6188,18,https://github.com/dao42/qywechat-notifier
qy_weixin,0,1,0.0.1,1306,2,https://github.com/luojie92/qy_weixin
qywx-client,4408.733,2,0.2.2,2088,0,https://github.com/joeyl-ljy/qywx-client
qzone,0,1,0.1.0,2568,1,https://github.com/hellotuitu/qzone
